,deepseek-r1:1.5b,llama3.1,mistral
Accuracy,0.4853558695129936,0.6145557820395076,0.5511198070217798
Precision,0.4568786237243717,0.7357364305085228,0.5010165316710092
Recall,0.7685151405046571,0.23121889382095415,0.5976852679228639
F1-score,0.5712108210315798,0.33969460282999386,0.5407643352155568
