Metric,Score
Accuracy,0.5825174825174825
Precision,0.6586826347305389
Recall,0.16923076923076924
F1-Score,0.2692778457772338
