Metric,Score
Accuracy,0.60546875
Precision,0.7307692307692307
Recall,0.168141592920354
F1-Score,0.2733812949640288
