Metric,Score
Accuracy,0.5874439461883408
Precision,0.6571428571428571
Recall,0.22330097087378642
F1-Score,0.3333333333333333
