Metric,Score
Accuracy,0.5333333333333333
Precision,1.0
Recall,0.034482758620689655
F1-Score,0.06666666666666667
