Metric,Score
Accuracy,0.5957095709570958
Precision,0.7555555555555555
Recall,0.3248407643312102
F1-Score,0.45434298440979953
