Nom_fichier	Dimension	Précision	Rappel	F-mesure
1958-padog_CE_Oct23_GPU.xml	dyn	0.18851435705368288	0.2825070159027128	0.22613253463122426
1958-padog_CE_Oct23_GPU.xml	act	0.0	0.0	0.0
1958-padog_CE_Oct23_GPU.xml	perc	0.0	0.0	0.0
1958-padog_CE_Oct23_GPU.xml	tps	0.0	0.0	0.0
1958-padog_CE_Oct23_GPU.xml	doc	0.012484394506866416	0.46511627906976744	0.0243161094224924
1958-padog_CE_Oct23_GPU.xml	lieu_loc	0.0	0.0	0.0
1958-padog_CE_Oct23_GPU.xml	lieu_obj	0.0	0.0	0.0
