Nom_fichier	Dimension	Précision	Rappel	F-mesure
1958-padog_CE_Oct23_GP.xml	dyn	0.06341565508580996	0.28344246959775493	0.10364289379168803
1958-padog_CE_Oct23_GP.xml	act	0.0027208036835496023	0.2	0.005368573198430725
1958-padog_CE_Oct23_GP.xml	perc	0.0	0.0	0.0
1958-padog_CE_Oct23_GP.xml	tps	0.0	0.0	0.0
1958-padog_CE_Oct23_GP.xml	doc	0.004185851820845542	0.46511627906976744	0.008297033810412777
1958-padog_CE_Oct23_GP.xml	lieu_loc	0.03830054416073671	0.6019736842105263	0.07201889020070838
1958-padog_CE_Oct23_GP.xml	lieu_obj	0.23461699455839263	1.18	0.39141061452513964
