Nom_fichier	Dimension	Précision	Rappel	F-mesure
1958-padog_CE_Oct23_GP.xml	dyn	0.1891385767790262	0.28344246959775493	0.22688131785847998
1958-padog_CE_Oct23_GP.xml	act	0.0	0.0	0.0
1958-padog_CE_Oct23_GP.xml	perc	0.0	0.0	0.0
1958-padog_CE_Oct23_GP.xml	tps	0.0	0.0	0.0
1958-padog_CE_Oct23_GP.xml	doc	0.012484394506866416	0.46511627906976744	0.0243161094224924
1958-padog_CE_Oct23_GP.xml	lieu_loc	0.0	0.0	0.0
1958-padog_CE_Oct23_GP.xml	lieu_obj	0.0	0.0	0.0
