Nom_fichier	Dimension	Précision	Rappel	F-mesure
1958-padog_CE_Oct23_GPU.xml	dyn	0.06320636249476769	0.2825070159027128	0.10330083803659997
1958-padog_CE_Oct23_GPU.xml	act	0.0027208036835496023	0.203125	0.0053696819496076
1958-padog_CE_Oct23_GPU.xml	perc	0.0	0.0	0.0
1958-padog_CE_Oct23_GPU.xml	tps	0.0	0.0	0.0
1958-padog_CE_Oct23_GPU.xml	doc	0.004185851820845542	0.46511627906976744	0.008297033810412777
1958-padog_CE_Oct23_GPU.xml	lieu_loc	0.03830054416073671	0.6059602649006622	0.07204724409448819
1958-padog_CE_Oct23_GPU.xml	lieu_obj	0.23461699455839263	1.18	0.39141061452513964
