Nom_fichier	Dimension	Précision	Rappel	F-mesure
2005-Reichen_CE_Oct23.xml	dyn	0.08490566037735849	0.2571428571428571	0.1276595744680851
2005-Reichen_CE_Oct23.xml	act	0.0047169811320754715	0.4	0.009324009324009324
2005-Reichen_CE_Oct23.xml	perc	0.0	0.0	0.0
2005-Reichen_CE_Oct23.xml	tps	0.0	0.0	0.0
2005-Reichen_CE_Oct23.xml	doc	0.0	0.0	0.0
2005-Reichen_CE_Oct23.xml	lieu_loc	0.025943396226415096	0.4782608695652174	0.04921700223713647
2005-Reichen_CE_Oct23.xml	lieu_obj	0.08018867924528301	0.4594594594594595	0.1365461847389558
