Nom_fichier	Dimension	Précision	Rappel	F-mesure
2013-Vigano_CE_Oct23.xml	dyn	0.0578125	0.2336842105263158	0.09269311064718164
2013-Vigano_CE_Oct23.xml	act	0.0046875	0.6428571428571429	0.009307135470527405
2013-Vigano_CE_Oct23.xml	perc	0.0	0.0	0.0
2013-Vigano_CE_Oct23.xml	tps	0.0	0.0	0.0
2013-Vigano_CE_Oct23.xml	doc	0.0	0.0	0.0
2013-Vigano_CE_Oct23.xml	lieu_loc	0.014583333333333334	0.4	0.02814070351758794
2013-Vigano_CE_Oct23.xml	lieu_obj	0.19114583333333332	0.8886198547215496	0.31461637376768103
