Nom_fichier	Dimension	Précision	Rappel	F-mesure
2014-Peter_CE_Oct23.xml	dyn	0.08222811671087533	0.3333333333333333	0.13191489361702127
2014-Peter_CE_Oct23.xml	act	0.005305039787798408	0.125	0.010178117048346055
2014-Peter_CE_Oct23.xml	perc	0.0	0.0	0.0
2014-Peter_CE_Oct23.xml	tps	0.0	0.0	0.0
2014-Peter_CE_Oct23.xml	doc	0.0	0.0	0.0
2014-Peter_CE_Oct23.xml	lieu_loc	0.010610079575596816	0.23529411764705882	0.020304568527918784
2014-Peter_CE_Oct23.xml	lieu_obj	0.0636604774535809	0.3582089552238806	0.10810810810810811
