Nom_fichier	Dimension	Précision	Rappel	F-mesure
2014-Bonnet_CE_Oct23.xml	dyn	0.04673857216230098	0.2446236559139785	0.07848210435532557
2014-Bonnet_CE_Oct23.xml	act	0.005649717514124294	0.3548387096774194	0.011122345803842264
2014-Bonnet_CE_Oct23.xml	perc	0.0	0.0	0.0
2014-Bonnet_CE_Oct23.xml	tps	0.0	0.0	0.0
2014-Bonnet_CE_Oct23.xml	doc	0.002054442732408834	0.4444444444444444	0.00408997955010225
2014-Bonnet_CE_Oct23.xml	lieu_loc	0.015921931176168466	0.3780487804878049	0.030556924593395762
2014-Bonnet_CE_Oct23.xml	lieu_obj	0.15202876219825373	0.961038961038961	0.26252771618625276
