Nom_fichier	Dimension	Précision	Rappel	F-mesure
2018-TER_CE_Oct23.xml	dyn	0.06311207834602829	0.23529411764705882	0.09952809952809953
2018-TER_CE_Oct23.xml	act	0.023939064200217627	0.7213114754098361	0.04634017904160084
2018-TER_CE_Oct23.xml	perc	0.0	0.0	0.0
2018-TER_CE_Oct23.xml	tps	0.0	0.0	0.0
2018-TER_CE_Oct23.xml	doc	0.001088139281828074	0.2	0.0021645021645021645
2018-TER_CE_Oct23.xml	lieu_loc	0.020674646354733407	0.34234234234234234	0.038994356080041044
2018-TER_CE_Oct23.xml	lieu_obj	0.176278563656148	0.782608695652174	0.2877442273534636
