Nom_fichier	Dimension	Précision	Rappel	F-mesure
2018-TER_CE_Oct23.xml	dyn	0.18770226537216828	0.23529411764705882	0.20882088208820881
2018-TER_CE_Oct23.xml	act	0.0	0.0	0.0
2018-TER_CE_Oct23.xml	perc	0.0	0.0	0.0
2018-TER_CE_Oct23.xml	tps	0.0	0.0	0.0
2018-TER_CE_Oct23.xml	doc	0.003236245954692557	0.2	0.006369426751592358
2018-TER_CE_Oct23.xml	lieu_loc	0.0	0.0	0.0
2018-TER_CE_Oct23.xml	lieu_obj	0.0	0.0	0.0
