Nom_fichier	Dimension	Précision	Rappel	F-mesure
2022-Boutté_CE_Oct23.xml	dyn	0.07766439909297052	0.25464684014869887	0.11902693310165074
2022-Boutté_CE_Oct23.xml	act	0.008503401360544218	0.38461538461538464	0.01663893510815308
2022-Boutté_CE_Oct23.xml	perc	0.0	0.0	0.0
2022-Boutté_CE_Oct23.xml	tps	0.0	0.0	0.0
2022-Boutté_CE_Oct23.xml	doc	0.0	0.0	0.0
2022-Boutté_CE_Oct23.xml	lieu_loc	0.02040816326530612	0.782608695652174	0.03977900552486187
2022-Boutté_CE_Oct23.xml	lieu_obj	0.1655328798185941	0.8613569321533924	0.277698525915359
