Dimension	Précision	Rappel	F-mesure
act	0.009929755762042799	0.45181037200504415	0.01937667849276308
doc	0.0018919685847038313	0.22604651162790698	0.003751713957065544
dyn	0.0707346009646996	0.25562253310368954	0.10995850995375456
lieu_loc	0.03294854429418494	0.5928927868948252	0.06208614735520238
lieu_obj	0.18887575318497213	0.8827208364044867	0.3098894828543529
perc	0.0	0.0	0.0
tps	0.0	0.0	0.0
