Dimension	Précision	Rappel	F-mesure
act	0.0	0.0	0.0
doc	0.012484394506866416	0.46511627906976744	0.0243161094224924
dyn	0.1891385767790262	0.28344246959775493	0.22688131785847998
lieu_loc	0.0	0.0	0.0
lieu_obj	0.0	0.0	0.0
perc	0.0	0.0	0.0
tps	0.0	0.0	0.0
