Metric,Score
Accuracy,0.4856477889837083
Precision,0.4627170582226762
Recall,0.7677966101694915
F1-Score,0.5774378585086042
