Metric,Score
Accuracy,0.4926299456943367
Precision,0.4733606557377049
Recall,0.7674418604651163
F1-Score,0.5855513307984791
