Metric,Score
Accuracy,0.4880952380952381
Precision,0.4540540540540541
Recall,0.75
F1-Score,0.5656565656565656
