Metric,Score
Accuracy,0.5401662049861495
Precision,0.5130111524163569
Recall,0.7976878612716763
F1-Score,0.6244343891402715
