Metric,Score
Accuracy,0.49122807017543857
Precision,0.47398843930635837
Recall,0.7663551401869159
F1-Score,0.5857142857142857
