Metric,Score
Accuracy,0.5317324185248714
Precision,0.5417607223476298
Recall,0.7741935483870968
F1-Score,0.6374501992031872
