Metric,Score
Accuracy,0.47966101694915253
Precision,0.4206896551724138
Recall,0.7689075630252101
F1-Score,0.5438335809806835
