Metric,Score
Accuracy,0.49019607843137253
Precision,0.48268398268398266
Recall,0.825925925925926
F1-Score,0.6092896174863388
