Metric,Score
Accuracy,0.48637015781922527
Precision,0.455078125
Recall,0.7467948717948718
F1-Score,0.5655339805825242
