Metric,Score
Accuracy,0.7132867132867133
Precision,0.6398601398601399
Recall,0.8446153846153847
F1-Score,0.7281167108753316
