Metric,Score
Accuracy,0.7027972027972028
Precision,0.6291618828932262
Recall,0.8430769230769231
F1-Score,0.7205785667324129
