Metric,Score
Accuracy,0.6900097943192948
Precision,0.6280788177339901
Recall,0.8095238095238095
F1-Score,0.7073509015256588
