Metric,Score
Accuracy,0.6923076923076923
Precision,0.6291768541157294
Recall,0.816931216931217
F1-Score,0.7108655616942909
