Metric,Score
Accuracy,0.6666666666666666
Precision,0.6666666666666666
Recall,0.6206896551724138
F1-Score,0.6428571428571429
