Metric,Score
Accuracy,0.6567656765676567
Precision,0.6387434554973822
Recall,0.7770700636942676
F1-Score,0.7011494252873564
