Metric,Score
Accuracy,0.6542056074766355
Precision,0.5757575757575758
Recall,0.8085106382978723
F1-Score,0.672566371681416
