Metric,Score
Accuracy,0.6499215070643642
Precision,0.5504087193460491
Recall,0.7769230769230769
F1-Score,0.6443381180223285
