Metric,Score
Accuracy,0.6283185840707964
Precision,0.5945945945945946
Recall,0.7857142857142857
F1-Score,0.676923076923077
