Metric,Score
Accuracy,0.6181102362204725
Precision,0.5526315789473685
Recall,0.7959183673469388
F1-Score,0.6523297491039427
