Metric,Score
Accuracy,0.7496503496503496
Precision,0.6957104557640751
Recall,0.7984615384615384
F1-Score,0.7435530085959885
