Metric,Score
Accuracy,0.7776223776223776
Precision,0.7255434782608695
Recall,0.8215384615384616
F1-Score,0.7705627705627706
