Metric,Score
Accuracy,0.752203721841332
Precision,0.7133138969873664
Recall,0.7767195767195767
F1-Score,0.7436676798378926
