Metric,Score
Accuracy,0.7515923566878981
Precision,0.7130350194552529
Recall,0.7756613756613756
F1-Score,0.7430309173846934
