Metric,Score
Accuracy,0.68359375
Precision,0.6194029850746269
Recall,0.7345132743362832
F1-Score,0.6720647773279352
