Metric,Score
Accuracy,0.7154255319148937
Precision,0.6764705882352942
Recall,0.770949720670391
F1-Score,0.720626631853786
