Metric,Score
Accuracy,0.6905829596412556
Precision,0.6634615384615384
Recall,0.6699029126213593
F1-Score,0.6666666666666666
