Metric,Score
Accuracy,0.7112068965517241
Precision,0.6915887850467289
Recall,0.6851851851851852
F1-Score,0.6883720930232559
