Metric,Score
Accuracy,0.772609819121447
Precision,0.6370967741935484
Recall,0.6475409836065574
F1-Score,0.6422764227642277
