Metric,Score
Accuracy,0.7227722772277227
Precision,0.7134502923976608
Recall,0.7770700636942676
F1-Score,0.7439024390243902
