Metric,Score
Accuracy,0.7102803738317757
Precision,0.6558441558441559
Recall,0.7163120567375887
F1-Score,0.6847457627118644
