Metric,Score
Accuracy,0.7080062794348508
Precision,0.6209150326797386
Recall,0.7307692307692307
F1-Score,0.6713780918727915
