Metric,Score
Accuracy,0.8133333333333334
Precision,0.7258064516129032
Recall,0.8035714285714286
F1-Score,0.7627118644067796
