Metric,Score
Accuracy,0.7082630691399663
Precision,0.6594594594594595
Recall,0.8384879725085911
F1-Score,0.7382753403933434
