Metric,Score
Accuracy,0.65748031496063
Precision,0.625
Recall,0.597667638483965
F1-Score,0.6110283159463488
