Metric,Score
Accuracy,0.579020979020979
Precision,0.6395348837209303
Recall,0.16923076923076924
F1-Score,0.26763990267639903
