Metric,Score
Accuracy,0.5992160705536502
Precision,0.7326007326007326
Recall,0.21164021164021163
F1-Score,0.3284072249589491
