Metric,Score
Accuracy,0.5999020568070519
Precision,0.7406015037593985
Recall,0.20846560846560847
F1-Score,0.32535094962840627
