Metric,Score
Accuracy,0.5718085106382979
Precision,0.6451612903225806
Recall,0.22346368715083798
F1-Score,0.33195020746887965
