Metric,Score
Accuracy,0.5991379310344828
Precision,0.8
Recall,0.18518518518518517
F1-Score,0.3007518796992481
