Metric,Score
Accuracy,0.7157622739018088
Precision,0.7307692307692307
Recall,0.1557377049180328
F1-Score,0.25675675675675674
