Metric,Score
Accuracy,0.6401869158878505
Precision,0.7802197802197802
Recall,0.25177304964539005
F1-Score,0.3806970509383378
