Metric,Score
Accuracy,0.7466666666666667
Precision,0.8461538461538461
Recall,0.39285714285714285
F1-Score,0.5365853658536586
