Metric,Score
Accuracy,0.6797488226059655
Precision,0.7089552238805971
Recall,0.36538461538461536
F1-Score,0.48223350253807107
