Metric,Score
Accuracy,0.654300168634064
Precision,0.7388888888888889
Recall,0.4570446735395189
F1-Score,0.564755838641189
