Metric,Score
Accuracy,0.5929203539823009
Precision,0.7777777777777778
Recall,0.25
F1-Score,0.3783783783783784
