Metric,Score
Accuracy,0.5643044619422573
Precision,0.5647058823529412
Recall,0.13994169096209913
F1-Score,0.22429906542056074
