,deepseek-r1:7b,mistral,llama3.1
Accuracy,0.679278145649827,0.5141926843746579,0.6174430623640328
Precision,0.7092278719397364,0.47817133740083506,0.7966260450046283
Recall,0.5946892762410003,0.898132913114725,0.16415045412663512
F1-score,0.6313175331371665,0.6228018450792754,0.2668744633235509
