,llama3.1,mistral,deepseek-r1:7b
Accuracy,0.60083700395269,0.5141926843746579,0.7062705833653861
Precision,0.7956879833876461,0.47817133740083506,0.673138111233216
Recall,0.1486921858044488,0.898132913114725,0.6840931176272629
F1-score,0.24500985304620956,0.6228018450792754,0.6735328141428252
