Metric,Score
Accuracy,0.7328671328671329
Precision,0.6908831908831908
Recall,0.7461538461538462
F1-Score,0.7174556213017751
