Metric,Score
Accuracy,0.7321253672869735
Precision,0.6958661417322834
Recall,0.7481481481481481
F1-Score,0.7210606833248343
