Metric,Score
Accuracy,0.7212150906418422
Precision,0.688376753507014
Recall,0.726984126984127
F1-Score,0.7071538857436953
