Metric,Score
Accuracy,0.65625
Precision,0.6016260162601627
Recall,0.6548672566371682
F1-Score,0.6271186440677966
