Metric,Score
Accuracy,0.6835106382978723
Precision,0.6685393258426966
Recall,0.664804469273743
F1-Score,0.6666666666666666
