Metric,Score
Accuracy,0.7068965517241379
Precision,0.6923076923076923
Recall,0.6666666666666666
F1-Score,0.6792452830188679
