Metric,Score
Accuracy,0.672645739910314
Precision,0.6470588235294118
Recall,0.6407766990291263
F1-Score,0.6439024390243903
