Metric,Score
Accuracy,0.7571059431524548
Precision,0.6272727272727273
Recall,0.5655737704918032
F1-Score,0.5948275862068966
