Metric,Score
Accuracy,0.6666666666666666
Precision,0.8
Recall,0.41379310344827586
F1-Score,0.5454545454545454
