Metric,Score
Accuracy,0.7095709570957096
Precision,0.6971428571428572
Recall,0.7770700636942676
F1-Score,0.7349397590361446
