Metric,Score
Accuracy,0.7133956386292835
Precision,0.6601307189542484
Recall,0.7163120567375887
F1-Score,0.6870748299319728
