Metric,Score
Accuracy,0.8
Precision,0.7321428571428571
Recall,0.7321428571428571
F1-Score,0.7321428571428571
