Metric,Score
Accuracy,0.6923076923076923
Precision,0.6059602649006622
Recall,0.7038461538461539
F1-Score,0.6512455516014235
