Metric,Score
Accuracy,0.6913996627318718
Precision,0.6436170212765957
Recall,0.8316151202749141
F1-Score,0.7256371814092953
