Metric,Score
Accuracy,0.699475065616798
Precision,0.6647398843930635
Recall,0.6705539358600583
F1-Score,0.6676342525399129
