Metric,Score
Accuracy,0.5482517482517483
Precision,0.5016778523489933
Recall,0.92
F1-Score,0.6492942453854506
