Metric,Score
Accuracy,0.5545454545454546
Precision,0.5054121565362198
Recall,0.9338461538461539
F1-Score,0.655861696380335
