Metric,Score
Accuracy,0.5377450980392157
Precision,0.5005787037037037
Recall,0.9153439153439153
F1-Score,0.6472128694350917
