Metric,Score
Accuracy,0.5355566454144188
Precision,0.4994199535962877
Recall,0.9111111111111111
F1-Score,0.6451854627201199
