Metric,Score
Accuracy,0.47265625
Precision,0.45
Recall,0.8761061946902655
F1-Score,0.5945945945945946
