Metric,Score
Accuracy,0.5478723404255319
Precision,0.5148514851485149
Recall,0.8715083798882681
F1-Score,0.6473029045643154
