Metric,Score
Accuracy,0.5129310344827587
Precision,0.48704663212435234
Recall,0.8703703703703703
F1-Score,0.6245847176079734
