Metric,Score
Accuracy,0.4798206278026906
Precision,0.46632124352331605
Recall,0.8737864077669902
F1-Score,0.6081081081081081
