Metric,Score
Accuracy,0.5166666666666667
Precision,0.5
Recall,0.8275862068965517
F1-Score,0.6233766233766234
