Metric,Score
Accuracy,0.4496124031007752
Precision,0.35275080906148865
Recall,0.8934426229508197
F1-Score,0.505800464037123
