Metric,Score
Accuracy,0.5429042904290429
Precision,0.532399299474606
Recall,0.9681528662420382
F1-Score,0.6870056497175141
