Metric,Score
Accuracy,0.5124610591900312
Precision,0.4704761904761905
Recall,0.875886524822695
F1-Score,0.6121437422552665
