Metric,Score
Accuracy,0.5066666666666667
Precision,0.4224137931034483
Recall,0.875
F1-Score,0.5697674418604651
