Metric,Score
Accuracy,0.4772370486656201
Precision,0.4351687388987567
Recall,0.9423076923076923
F1-Score,0.5953827460510328
