Metric,Score
Accuracy,0.5278246205733558
Precision,0.5102420856610801
Recall,0.9415807560137457
F1-Score,0.6618357487922706
