Metric,Score
Accuracy,0.5132743362831859
Precision,0.5053763440860215
Recall,0.8392857142857143
F1-Score,0.6308724832214765
