Metric,Score
Accuracy,0.505249343832021
Precision,0.47477744807121663
Recall,0.9329446064139941
F1-Score,0.6293018682399213
