Metric,Score
Accuracy,0.5377358490566038
Precision,0.5076923076923077
Recall,0.66
F1-Score,0.5739130434782609
