Metric,Score
Accuracy,0.5833333333333334
Precision,0.5833333333333334
Recall,0.4827586206896552
F1-Score,0.5283018867924528
