Metric,Score
Accuracy,0.6814159292035398
Precision,0.6612903225806451
Recall,0.7321428571428571
F1-Score,0.6949152542372882
