Metric,Score
Accuracy,0.5517241379310345
Precision,0.5172413793103449
Recall,0.5555555555555556
F1-Score,0.5357142857142857
