Metric,Score
Accuracy,0.5348837209302325
Precision,0.3705357142857143
Recall,0.680327868852459
F1-Score,0.4797687861271676
