Metric,Score
Accuracy,0.5333333333333333
Precision,0.5238095238095238
Recall,0.3793103448275862
F1-Score,0.44
