Metric,Score
Accuracy,0.5561056105610561
Precision,0.5558312655086849
Recall,0.7133757961783439
F1-Score,0.6248256624825662
