Metric,Score
Accuracy,0.559190031152648
Precision,0.49836065573770494
Recall,0.5390070921985816
F1-Score,0.5178875638841567
