Metric,Score
Accuracy,0.6866666666666666
Precision,0.5569620253164557
Recall,0.7857142857142857
F1-Score,0.6518518518518519
