Metric,Score
Accuracy,0.504424778761062
Precision,0.5
Recall,0.4642857142857143
F1-Score,0.48148148148148145
