Metric,Score
Accuracy,0.5078740157480315
Precision,0.46208530805687204
Recall,0.5685131195335277
F1-Score,0.5098039215686274
