Metric,Score
Accuracy,0.6484375
Precision,0.5761589403973509
Recall,0.7699115044247787
F1-Score,0.6590909090909091
