Metric,Score
Accuracy,0.6941489361702128
Precision,0.6538461538461539
Recall,0.7597765363128491
F1-Score,0.7028423772609819
