Metric,Score
Accuracy,0.6367713004484304
Precision,0.5833333333333334
Recall,0.7475728155339806
F1-Score,0.6553191489361702
