Metric,Score
Accuracy,0.7327586206896551
Precision,0.7211538461538461
Recall,0.6944444444444444
F1-Score,0.7075471698113207
