Metric,Score
Accuracy,0.7260981912144703
Precision,0.5606060606060606
Recall,0.6065573770491803
F1-Score,0.5826771653543307
