Metric,Score
Accuracy,0.78
Precision,0.6949152542372882
Recall,0.7321428571428571
F1-Score,0.7130434782608696
