Metric,Score
Accuracy,0.6661045531197302
Precision,0.6049661399548533
Recall,0.9209621993127147
F1-Score,0.7302452316076294
