Metric,Score
Accuracy,0.5188811188811189
Precision,0.4854961832061069
Recall,0.9784615384615385
F1-Score,0.6489795918367347
