Metric,Score
Accuracy,0.5174825174825175
Precision,0.4847560975609756
Recall,0.9784615384615385
F1-Score,0.6483180428134556
