Metric,Score
Accuracy,0.5105340519353259
Precision,0.4857142857142857
Recall,0.9714285714285714
F1-Score,0.6476190476190476
