Metric,Score
Accuracy,0.5068560235063663
Precision,0.48364978902953587
Recall,0.9703703703703703
F1-Score,0.6455473424850405
