Metric,Score
Accuracy,0.45703125
Precision,0.44537815126050423
Recall,0.9380530973451328
F1-Score,0.603988603988604
