Metric,Score
Accuracy,0.5292553191489362
Precision,0.5030120481927711
Recall,0.9329608938547486
F1-Score,0.6536203522504892
