Metric,Score
Accuracy,0.48878923766816146
Precision,0.47417840375586856
Recall,0.9805825242718447
F1-Score,0.6392405063291139
