Metric,Score
Accuracy,0.5086206896551724
Precision,0.48598130841121495
Recall,0.9629629629629629
F1-Score,0.6459627329192547
