Metric,Score
Accuracy,0.4134366925064599
Precision,0.34234234234234234
Recall,0.9344262295081968
F1-Score,0.5010989010989011
