Metric,Score
Accuracy,0.528052805280528
Precision,0.5246478873239436
Recall,0.9490445859872612
F1-Score,0.6757369614512472
