Metric,Score
Accuracy,0.4688473520249221
Precision,0.45058626465661644
Recall,0.9539007092198581
F1-Score,0.6120591581342435
