Metric,Score
Accuracy,0.4427001569858713
Precision,0.42016806722689076
Recall,0.9615384615384616
F1-Score,0.5847953216374269
