Metric,Score
Accuracy,0.49333333333333335
Precision,0.41935483870967744
Recall,0.9285714285714286
F1-Score,0.5777777777777777
