Metric,Score
Accuracy,0.5160202360876898
Precision,0.5034965034965035
Recall,0.9896907216494846
F1-Score,0.6674391657010429
