Metric,Score
Accuracy,0.5398230088495575
Precision,0.5188679245283019
Recall,0.9821428571428571
F1-Score,0.6790123456790124
