Metric,Score
Accuracy,0.4816272965879265
Precision,0.4641873278236915
Recall,0.9825072886297376
F1-Score,0.6304957904583723
