Metric,Score
Accuracy,0.45514950166112955
Precision,0.41092002445278747
Recall,0.6585309642918751
F1-Score,0.41471101225928003
