Metric,Score
Accuracy,0.42225859247135844
Precision,0.46351814207840725
Recall,0.6207944505026254
F1-Score,0.42938591072231824
