Metric,Score
Accuracy,0.4383561643835616
Precision,0.45922033635588627
Recall,0.6434628785848298
F1-Score,0.4424630924630925
