Metric,Score
Accuracy,0.45454545454545453
Precision,0.44997640714526455
Recall,0.725248322335701
F1-Score,0.4453576574285957
