Metric,Score
Accuracy,0.5211267605633803
Precision,0.5268652037617555
Recall,0.6805194805194805
F1-Score,0.4881176470588235
