Metric,Score
Accuracy,0.6153846153846154
Precision,0.606025641025641
Recall,0.6952407614781635
F1-Score,0.6046311858076565
