Metric,Score
Accuracy,0.3333333333333333
Precision,0.1611111111111111
Recall,0.5
F1-Score,0.23717948717948717
