Metric,Score
Accuracy,0.36363636363636365
Precision,0.2891428571428571
Recall,0.6231578947368421
F1-Score,0.24933333333333332
