Metric,Score
Accuracy,0.4819277108433735
Precision,0.45043862854066113
Recall,0.6985445789832908
F1-Score,0.4474194974802964
