Metric,Score
Accuracy,0.4703389830508475
Precision,0.4718022220576776
Recall,0.5706159132963255
F1-Score,0.4471478260869565
