Metric,Score
Accuracy,0.6153846153846154
Precision,0.5137912087912088
Recall,0.5530434782608695
F1-Score,0.5086724086724087
