Metric,Score
Accuracy,0.41739130434782606
Precision,0.423562848993693
Recall,0.6575905097644228
F1-Score,0.39707710863958895
