Metric,Score
Accuracy,0.40484429065743943
Precision,0.3436418498903017
Recall,0.39492044240376556
F1-Score,0.2990215629981532
