Metric,Score
Accuracy,0.5116279069767442
Precision,0.4448484848484848
Recall,0.5518575851393189
F1-Score,0.40893246187363835
