Metric,Score
Accuracy,0.49034749034749037
Precision,0.4953248288354672
Recall,0.6515559586202533
F1-Score,0.47995759813226374
