Metric,Score
Accuracy,0.6986013986013986
Precision,0.6666666666666666
Recall,0.6738461538461539
F1-Score,0.6702371843917369
