Metric,Score
Accuracy,0.672566371681416
Precision,0.6610169491525424
Recall,0.6964285714285714
F1-Score,0.6782608695652174
