Metric,Score
Accuracy,0.5671328671328671
Precision,0.5202086049543677
Recall,0.6138461538461538
F1-Score,0.5631616090331687
