Metric,Score
Accuracy,0.5699300699300699
Precision,0.5225806451612903
Recall,0.6230769230769231
F1-Score,0.5684210526315789
