Metric,Score
Accuracy,0.5499510284035259
Precision,0.5115864527629234
Recall,0.6074074074074074
F1-Score,0.5553942912433478
