Metric,Score
Accuracy,0.5433610975012249
Precision,0.5059797608095676
Recall,0.582010582010582
F1-Score,0.5413385826771654
