Metric,Score
Accuracy,0.5078125
Precision,0.4462809917355372
Recall,0.4778761061946903
F1-Score,0.46153846153846156
