Metric,Score
Accuracy,0.5345744680851063
Precision,0.51
Recall,0.5698324022346368
F1-Score,0.5382585751978892
