Metric,Score
Accuracy,0.5291479820627802
Precision,0.49242424242424243
Recall,0.6310679611650486
F1-Score,0.5531914893617021
