Metric,Score
Accuracy,0.5494505494505495
Precision,0.4636118598382749
Recall,0.6615384615384615
F1-Score,0.5451664025356577
