Metric,Score
Accuracy,0.5834738617200674
Precision,0.5597826086956522
Recall,0.7079037800687286
F1-Score,0.6251896813353566
