Nom_fichier	Dimension	Précision	Rappel	F-mesure
2005-Siza_CE_Oct23.xml	dyn	0.08880994671403197	0.3333333333333333	0.1402524544179523
2005-Siza_CE_Oct23.xml	act	0.0	0.0	0.0
2005-Siza_CE_Oct23.xml	perc	0.0	0.0	0.0
2005-Siza_CE_Oct23.xml	tps	0.0	0.0	0.0
2005-Siza_CE_Oct23.xml	doc	0.0053285968028419185	0.375	0.010507880910683012
2005-Siza_CE_Oct23.xml	lieu_loc	0.03019538188277087	0.5483870967741935	0.05723905723905724
2005-Siza_CE_Oct23.xml	lieu_obj	0.11012433392539965	0.6813186813186813	0.18960244648318042
