Nom_fichier	Dimension	Précision	Rappel	F-mesure
2009-Ascher_CE_Oct23.xml	dyn	0.057692307692307696	0.2849162011173184	0.09595484477892757
2009-Ascher_CE_Oct23.xml	act	0.004524886877828055	0.5	0.008968609865470854
2009-Ascher_CE_Oct23.xml	perc	0.0	0.0	0.0
2009-Ascher_CE_Oct23.xml	tps	0.0	0.0	0.0
2009-Ascher_CE_Oct23.xml	doc	0.0011312217194570137	1.0	0.0022598870056497176
2009-Ascher_CE_Oct23.xml	lieu_loc	0.0	0.0	0.0
2009-Ascher_CE_Oct23.xml	lieu_obj	0.10633484162895927	0.8867924528301887	0.1898989898989899
