Nom_fichier	Dimension	Précision	Rappel	F-mesure
2011-Desvigne_CE_Oct23.xml	dyn	0.08953168044077135	0.23508137432188064	0.12967581047381546
2011-Desvigne_CE_Oct23.xml	act	0.011707988980716254	0.40476190476190477	0.02275769745649264
2011-Desvigne_CE_Oct23.xml	perc	0.0	0.0	0.0
2011-Desvigne_CE_Oct23.xml	tps	0.0	0.0	0.0
2011-Desvigne_CE_Oct23.xml	doc	0.0	0.0	0.0
2011-Desvigne_CE_Oct23.xml	lieu_loc	0.01584022038567493	0.24468085106382978	0.02975420439844761
2011-Desvigne_CE_Oct23.xml	lieu_obj	0.17768595041322313	0.581081081081081	0.2721518987341772
