Nom_fichier	Dimension	Précision	Rappel	F-mesure
2021-TVK_VF_CE_Aout23.xml	dyn	0.08627450980392157	0.2222222222222222	0.12429378531073446
2021-TVK_VF_CE_Aout23.xml	act	0.011764705882352941	0.75	0.02316602316602317
2021-TVK_VF_CE_Aout23.xml	perc	0.0	0.0	0.0
2021-TVK_VF_CE_Aout23.xml	tps	0.0	0.0	0.0
2021-TVK_VF_CE_Aout23.xml	doc	0.0	0.0	0.0
2021-TVK_VF_CE_Aout23.xml	lieu_loc	0.047058823529411764	0.631578947368421	0.0875912408759124
2021-TVK_VF_CE_Aout23.xml	lieu_obj	0.13333333333333333	0.40963855421686746	0.20118343195266272
