Dimension	Précision	Rappel	F-mesure
act	0.007130192769690944	0.37973150902474523	0.013932301829592708
doc	0.001382623398325148	0.22689823096799844	0.002739716711674054
dyn	0.07171996391204828	0.2649747750501469	0.11203271865592936
lieu_loc	0.021372081850068017	0.4037796653855562	0.040434092099196586
lieu_obj	0.144893243096302	0.7338821888678801	0.2400557860881255
perc	0.0	0.0	0.0
tps	0.0	0.0	0.0
