Metric,Score
Accuracy,0.4067796610169492
Precision,0.425
Recall,0.5862068965517241
F1-Score,0.4927536231884058
