Metric,Score
Accuracy,0.47115384615384615
Precision,0.46987951807228917
Recall,0.78
F1-Score,0.5864661654135338
