Metric,Score
Accuracy,0.45594405594405596
Precision,0.45518207282913165
Recall,1.0
F1-Score,0.6256015399422522
