Metric,Score
Accuracy,0.4642507345739471
Precision,0.4634266077565047
Recall,0.9989417989417989
F1-Score,0.6331321260898726
