Metric,Score
Accuracy,0.48333333333333334
Precision,0.48333333333333334
Recall,1.0
F1-Score,0.651685393258427
