Metric,Score
Accuracy,0.5678321678321678
Precision,0.6194029850746269
Recall,0.1276923076923077
F1-Score,0.21173469387755103
