Metric,Score
Accuracy,0.5724779627815867
Precision,0.640625
Recall,0.17354497354497356
F1-Score,0.27310574521232306
