Metric,Score
Accuracy,0.5181058495821727
Precision,0.497737556561086
Recall,0.6395348837209303
F1-Score,0.5597964376590331
