Metric,Score
Accuracy,0.5283842794759825
Precision,0.5
Recall,0.6851851851851852
F1-Score,0.578125
