Metric,Score
Accuracy,0.5233644859813084
Precision,0.48125
Recall,0.8020833333333334
F1-Score,0.6015625
