Metric,Score
Accuracy,0.5862068965517241
Precision,0.5405405405405406
Recall,0.7407407407407407
F1-Score,0.625
