Metric,Score
Accuracy,0.5035971223021583
Precision,0.4175824175824176
Recall,0.7037037037037037
F1-Score,0.5241379310344828
