Metric,Score
Accuracy,0.48001973359644795
Precision,0.4642857142857143
Recall,0.7882978723404256
F1-Score,0.5843848580441641
