Metric,Score
Accuracy,0.5162790697674419
Precision,0.4807692307692308
Recall,0.7653061224489796
F1-Score,0.5905511811023622
