Metric,Score
Accuracy,0.5065573770491804
Precision,0.4642082429501085
Recall,0.7985074626865671
F1-Score,0.5871056241426612
