Metric,Score
Accuracy,0.58984375
Precision,0.6818181818181818
Recall,0.13274336283185842
F1-Score,0.2222222222222222
