Metric,Score
Accuracy,0.5905172413793104
Precision,0.9333333333333333
Recall,0.12962962962962962
F1-Score,0.22764227642276422
