Metric,Score
Accuracy,0.7183462532299741
Precision,0.9333333333333333
Recall,0.11475409836065574
F1-Score,0.20437956204379562
