Metric,Score
Accuracy,0.5166666666666667
Precision,0.5
Recall,0.034482758620689655
F1-Score,0.06451612903225806
