Metric,Score
Accuracy,0.6105919003115264
Precision,0.7758620689655172
Recall,0.1595744680851064
F1-Score,0.2647058823529412
