Metric,Score
Accuracy,0.631083202511774
Precision,0.711864406779661
Recall,0.16153846153846155
F1-Score,0.26332288401253917
