Metric,Score
Accuracy,0.5616797900262467
Precision,0.68
Recall,0.04956268221574344
F1-Score,0.09239130434782608
