Metric,Score
Accuracy,0.5958041958041959
Precision,0.9090909090909091
Recall,0.12307692307692308
F1-Score,0.21680216802168023
