Metric,Score
Accuracy,0.5979020979020979
Precision,0.9518072289156626
Recall,0.12153846153846154
F1-Score,0.2155525238744884
