Metric,Score
Accuracy,0.5742283194512494
Precision,0.7467532467532467
Recall,0.12169312169312169
F1-Score,0.20928116469517744
