Metric,Score
Accuracy,0.5773751224289911
Precision,0.7662337662337663
Recall,0.12486772486772486
F1-Score,0.21474067333939945
