Metric,Score
Accuracy,0.598404255319149
Precision,0.868421052631579
Recall,0.18435754189944134
F1-Score,0.30414746543778803
