Metric,Score
Accuracy,0.5605381165919282
Precision,0.6923076923076923
Recall,0.08737864077669903
F1-Score,0.15517241379310345
