Metric,Score
Accuracy,0.5775577557755776
Precision,0.79
Recall,0.2515923566878981
F1-Score,0.38164251207729466
