Metric,Score
Accuracy,0.627318718381113
Precision,0.8301886792452831
Recall,0.3024054982817869
F1-Score,0.4433249370277078
