Metric,Score
Accuracy,0.5663716814159292
Precision,0.8181818181818182
Recall,0.16071428571428573
F1-Score,0.26865671641791045
