,llama3.1,deepseek-r1:7b,mistral
Accuracy,0.679806398965882,0.7170219219703782,0.49537006411375806
Precision,0.6176505890553887,0.6694542687874822,0.4695721478910777
Recall,0.7711965385598232,0.7270148763175478,0.9603610742448596
F1-score,0.6828141826485393,0.6956517602001456,0.6296793402962887
