,deepseek-r1:7b,llama3.1,mistral
Accuracy,0.6323746312684366,0.6793223939758751,0.49537006411375806
Precision,0.6223118279569892,0.6086577894896215,0.4695721478910777
Recall,0.6074507389162561,0.7534653478166699,0.9603610742448596
F1-score,0.6116085705148705,0.6693982078954095,0.6296793402962887
